ID_CLI,Cargo,Empresa,Salario
1,Associate Professor,Carrefour,4297.32
2,Lecturer,Metro Cash&Carry,10344.19
3,Associate Professor,Danone,5324.84
4,Associate Professor,Biolife Grup,2812.96
5,Project Manager,Biolife Grup,9604.21
6,CNC Operator,Comcast,9265.02
7,Lecturer,Amazon.com,5005.33
8,Bellman,Comodo,3828.69
9,Design Engineer,Comcast,2661.80
10,Pharmacist,Zepter,3807.51
11,Treasurer,Comodo,6045.75
12,Clerk,Vodafone,6641.24
13,Software Engineer,Facebook,8993.86
14,Web Developer,UPC,5417.37
15,Dentist,Mars,4943.17
16,Steward,Areon Impex,2253.95
17,Chef Manager,Danone,5307.07
18,Stockbroker,Danone,3375.75
19,Steward,Danone,2624.44
20,Biologist,Global Print,8493.99
21,Electrician,Mars,7147.19
22,Retail Trainee,Danone,2920.88
23,Bellman,Carrefour,1524.64
24,Mobile Developer,Vodafone,6343.68
25,Steward,Carrefour,7142.12
26,Restaurant Manager,ExxonMobil,2099.41
27,Banker,Mars,8229.02
28,Pharmacist,DynCorp,1801.29
29,Insurance Broker,Zepter,4948.44
30,Insurance Broker,Amazon.com,9068.24
31,Doctor,Metro Cash&Carry,10293.77
32,Staffing Consultant,Facebook,6278.54
33,Chef Manager,Comodo,4361.99
34,Designer,Biolife Grup,3185.57
35,Front Desk Coordinator,Zepter,5298.45
36,Steward,It Smart Group,1614.95
37,Treasurer,Global Print,9643.14
38,Insurance Broker,ExxonMobil,8255.25
39,Service Supervisor,Metro Cash&Carry,7649.19
40,HR Specialist,Biolife Grup,7818.38
41,Retail Trainee,Apple Inc.,10087.71
42,Operator,Amazon.com,7370.54
43,Restaurant Manager,Comodo,8010.32
44,Physician,Mars,2009.17
45,Physician,Team Guard SRL,5693.58
46,Budget Analyst,ExxonMobil,8127.66
47,Treasurer,UPC,6455.48
48,Audiologist,Vodafone,10058.64
49,Accountant,21st Century Fox,2147.13
50,Chef Manager,Vodafone,1527.13
51,Global Logistics Supervisor,Mars,1879.02
52,Physician,Global Print,5678.76
53,Associate Professor,Vodafone,1189.51
54,Project Manager,It Smart Group,6642.46
55,Electrician,It Smart Group,3172.27
56,Chef Manager,Vodafone,4097.21
57,Health Educator,Metro Cash&Carry,1805.36
58,Biologist,Telekom,10075.44
59,Project Manager,Mars,8951.47
60,Bookkeeper,Global Print,4603.33
61,Machine Operator,Erickson,3552.43
62,Assistant Buyer,Amazon.com,5628.74
63,Systems Administrator,ENEL,10395.21
64,Banker,Biolife Grup,9583.42
65,Mobile Developer,Facebook,6848.40
66,Loan Officer,Boeing,2024.29
67,Bookkeeper,Areon Impex,8305.20
68,Executive Director,DynCorp,2795.30
69,Treasurer,UPC,10026.16
70,Treasurer,Biolife Grup,3852.93
71,Electrician,Global Print,9759.64
72,IT Support Staff,Coca-Cola Company,8745.14
73,Accountant,Global Print,8678.16
74,Paramedic,ENEL,5560.63
75,Bellman,UPC,5420.94
76,Machine Operator,ExxonMobil,9729.61
77,Fabricator,Team Guard SRL,7819.99
78,IT Support Staff,Carrefour,8756.24
79,Global Logistics Supervisor,Areon Impex,2151.01
80,Retail Trainee,Telekom,3766.97
81,Stockbroker,ENEL,9565.88
82,Software Engineer,Erickson,9153.34
83,Paramedic,Amazon.com,7518.35
84,Electrician,Demaco,2377.76
85,Electrician,ExxonMobil,5487.74
86,HR Specialist,Apple Inc.,1507.51
87,Pharmacist,Carrefour,3205.76
88,Audiologist,21st Century Fox,10313.74
89,Webmaster,Telekom,5774.82
90,Loan Officer,21st Century Fox,3966.28
91,Operator,Boeing,1775.78
92,Insurance Broker,It Smart Group,7366.60
93,Designer,ENEL,3224.74
94,Auditor,Global Print,6866.78
95,Banker,Boeing,8672.43
96,Mobile Developer,Metro Cash&Carry,1784.89
97,Designer,Team Guard SRL,7792.17
98,Insurance Broker,Vodafone,5756.37
99,Staffing Consultant,Biolife Grup,9512.94
100,Clerk,Global Print,4477.39
101,Physician,Comodo,4207.21
102,Cook,Carrefour,5563.90
103,Service Supervisor,Leadertech Consulting,10246.11
104,Stockbroker,Mars,9188.77
105,Inspector,BuzzFeed,6794.04
106,CNC Operator,Amazon.com,4692.68
107,Pharmacist,Zepter,2195.01
108,Accountant,Comodo,5714.58
109,IT Support Staff,Erickson,4753.21
110,Retail Trainee,Leadertech Consulting,8786.71
111,Healthcare Specialist,Boeing,6844.79
112,Business Broker,Telekom,6800.64
113,Service Supervisor,Areon Impex,1588.97
114,Investment  Advisor,Comcast,5646.09
115,Front Desk Coordinator,Global Print,5639.40
116,Pharmacist,It Smart Group,9215.36
117,CNC Operator,AECOM,8456.44
118,Budget Analyst,Telekom,3126.13
119,Web Developer,Apple Inc.,2779.37
120,Laboratory Technician,Global Print,1270.46
121,Steward,21st Century Fox,1749.27
122,Pharmacist,21st Century Fox,2957.97
123,Associate Professor,Coca-Cola Company,9929.73
124,Fabricator,Mars,6315.41
125,Webmaster,Biolife Grup,3603.32
126,Doctor,Comodo,10422.64
127,Treasurer,Boeing,7098.07
128,HR Specialist,Apple Inc.,8726.34
129,Treasurer,Comcast,2485.99
130,Paramedic,DynCorp,2239.78
131,Budget Analyst,Leadertech Consulting,4960.62
132,Loan Officer,Carrefour,4657.63
133,Loan Officer,Facebook,8006.85
134,Inspector,ExxonMobil,4924.09
135,Production Painter,21st Century Fox,4925.43
136,Restaurant Manager,Team Guard SRL,6794.43
137,Executive Director,Danone,4237.00
138,Insurance Broker,Facebook,6818.38
139,Service Supervisor,Zepter,8399.82
140,Chef Manager,Carrefour,6511.43
141,Associate Professor,Zepter,4819.28
142,Webmaster,Boeing,6265.41
143,Cashier,Leadertech Consulting,7975.47
144,Baker,Areon Impex,6732.95
145,Business Broker,Zepter,5732.58
146,Dentist,Biolife Grup,10076.32
147,Cash Manager,BuzzFeed,2406.18
148,CNC Operator,CarMax,1296.04
149,Stockbroker,Team Guard SRL,7799.77
150,Auditor,Carrefour,6539.14
151,Machine Operator,Coca-Cola Company,5477.03
152,Retail Trainee,21st Century Fox,5083.25
153,Bookkeeper,Telekom,1976.94
154,Staffing Consultant,AECOM,8758.28
155,Ambulatory Nurse,Carrefour,4821.37
156,Software Engineer,Demaco,5138.28
157,Staffing Consultant,Amazon.com,3898.66
158,Web Developer,Facebook,9080.54
159,Lecturer,ExxonMobil,6287.60
160,Clerk,Mars,1887.87
161,Call Center Representative,Comcast,6008.88
162,Project Manager,AECOM,6083.02
163,HR Coordinator,Erickson,7416.51
164,Machine Operator,Amazon.com,6410.29
165,Insurance Broker,CarMax,2341.91
166,Clerk,21st Century Fox,6302.92
167,Laboratory Technician,AECOM,2635.94
168,Auditor,Vodafone,6079.31
169,Doctor,Mars,1105.14
170,Executive Director,Comcast,8143.97
171,HR Coordinator,Metro Cash&Carry,4337.51
172,Web Developer,Danone,6946.02
173,Staffing Consultant,DynCorp,7055.45
174,Operator,AECOM,7085.08
175,Audiologist,Comcast,4609.88
176,Lecturer,Biolife Grup,8476.36
177,HR Specialist,ENEL,8091.73
178,Bookkeeper,BuzzFeed,9560.00
179,HR Specialist,21st Century Fox,5846.23
180,Machine Operator,Apple Inc.,8599.51
181,Staffing Consultant,Facebook,2395.27
182,Bookkeeper,Facebook,8611.59
183,Electrician,Leadertech Consulting,8130.32
184,Webmaster,It Smart Group,4305.10
185,Project Manager,Apple Inc.,1717.45
186,Ambulatory Nurse,Boeing,2462.58
187,Systems Administrator,Biolife Grup,2998.34
188,Cash Manager,Amazon.com,7850.65
189,HR Coordinator,BuzzFeed,2954.46
190,Front Desk Coordinator,Coca-Cola Company,7454.21
191,Service Supervisor,Comodo,2736.02
192,Budget Analyst,Comcast,9056.66
193,Restaurant Manager,ENEL,9456.66
194,Auditor,Metro Cash&Carry,7243.35
195,Steward,Apple Inc.,7115.58
196,Front Desk Coordinator,AECOM,7426.96
197,Auditor,Boeing,5186.32
198,Assistant Buyer,CarMax,1994.36
199,Laboratory Technician,Vodafone,4727.22
200,Stockbroker,Demaco,2951.95
201,CNC Operator,Comodo,9272.40
202,Investment  Advisor,DynCorp,3452.24
203,Mobile Developer,Danone,2182.71
204,Chef Manager,Erickson,7617.19
205,Steward,Global Print,2645.12
206,Dentist,It Smart Group,7443.05
207,Business Broker,Mars,5366.53
208,Designer,DynCorp,8212.90
209,Ambulatory Nurse,Facebook,6056.48
210,Laboratory Technician,Metro Cash&Carry,2604.65
211,Biologist,BuzzFeed,3106.59
212,Healthcare Specialist,Facebook,1468.44
213,HR Specialist,Global Print,10020.66
214,Physician,Danone,8670.29
215,Food Technologist,Mars,7098.80
216,Healthcare Specialist,Carrefour,4973.78
217,Retail Trainee,Zepter,1513.90
218,Operator,Demaco,8357.94
219,Biologist,Leadertech Consulting,3207.86
220,Budget Analyst,Metro Cash&Carry,4709.06
221,Accountant,ENEL,3362.23
222,Restaurant Manager,Global Print,8364.58
223,Baker,AECOM,7849.48
224,Production Painter,BuzzFeed,6532.21
225,Business Broker,Coca-Cola Company,9180.23
226,Bookkeeper,Team Guard SRL,9201.24
227,Design Engineer,Erickson,2246.24
228,Healthcare Specialist,21st Century Fox,9486.61
229,Assistant Buyer,Erickson,4511.03
230,Operator,21st Century Fox,5718.43
231,Fabricator,Facebook,4547.12
232,Steward,It Smart Group,1599.05
233,Accountant,Danone,9073.70
234,Designer,Biolife Grup,9235.46
235,Web Developer,BuzzFeed,9595.04
236,Project Manager,AECOM,4281.48
237,Loan Officer,Coca-Cola Company,2622.25
238,Service Supervisor,Mars,10095.63
239,Clerk,Zepter,6362.41
240,Dentist,Mars,1901.30
241,Healthcare Specialist,ExxonMobil,2372.42
242,Mobile Developer,Zepter,1129.83
243,Service Supervisor,It Smart Group,2451.94
244,Retail Trainee,ENEL,9800.80
245,Web Developer,ENEL,2078.93
246,Auditor,Vodafone,4022.38
247,Physician,Global Print,10342.61
248,Retail Trainee,ExxonMobil,7615.11
249,Lecturer,Biolife Grup,3438.91
250,Steward,ExxonMobil,8295.91
251,Designer,Erickson,1904.71
252,Systems Administrator,Mars,2792.65
253,Auditor,Comcast,10101.97
254,Stockbroker,Team Guard SRL,1981.97
255,Health Educator,Telekom,2507.56
256,Business Broker,DynCorp,1541.17
257,Pharmacist,Leadertech Consulting,4060.97
258,Mobile Developer,Boeing,1195.42
259,Mobile Developer,Amazon.com,7032.82
260,Staffing Consultant,AECOM,7062.30
261,Production Painter,Carrefour,3353.25
262,Treasurer,Boeing,9858.50
263,Software Engineer,Boeing,3526.94
264,Doctor,Telekom,2166.14
265,Fabricator,Coca-Cola Company,2573.48
266,Bookkeeper,Telekom,8749.90
267,Inspector,Metro Cash&Carry,1591.20
268,Front Desk Coordinator,Demaco,5360.78
269,Front Desk Coordinator,Leadertech Consulting,5722.86
270,Budget Analyst,Vodafone,3956.12
271,Project Manager,Telekom,2322.28
272,Auditor,ExxonMobil,8219.42
273,Systems Administrator,UPC,8517.34
274,Project Manager,Boeing,7271.80
275,Restaurant Manager,Global Print,8838.76
276,Software Engineer,Demaco,9589.20
277,Pharmacist,Amazon.com,4888.74
278,Systems Administrator,Leadertech Consulting,9591.83
279,Auditor,Danone,8823.65
280,Baker,Amazon.com,2277.20
281,Food Technologist,Global Print,7742.57
282,Investment  Advisor,Metro Cash&Carry,9742.69
283,Machine Operator,Erickson,6542.73
284,Physician,Telekom,6279.15
285,IT Support Staff,Carrefour,4560.50
286,Project Manager,Areon Impex,9221.88
287,Software Engineer,BuzzFeed,3283.21
288,Retail Trainee,Global Print,9482.04
289,Steward,DynCorp,5756.95
290,HR Specialist,Telekom,8467.14
291,Retail Trainee,Facebook,5002.22
292,Stockbroker,Metro Cash&Carry,2897.36
293,Inspector,Apple Inc.,6491.00
294,Health Educator,Carrefour,3345.14
295,Ambulatory Nurse,Comodo,7580.03
296,Retail Trainee,Zepter,4926.84
297,Cash Manager,UPC,9639.98
298,Executive Director,Leadertech Consulting,5806.67
299,Banker,It Smart Group,8881.62
300,Global Logistics Supervisor,Comodo,5321.47
301,Cook,Global Print,9070.64
302,Cash Manager,UPC,10062.85
303,Executive Director,Danone,9639.31
304,Biologist,Demaco,5163.81
305,Stockbroker,Danone,7939.92
306,IT Support Staff,AECOM,8687.46
307,Executive Director,Telekom,9070.58
308,IT Support Staff,UPC,2019.94
309,Clerk,It Smart Group,8188.36
310,Dentist,Danone,4466.33
311,Call Center Representative,Vodafone,9226.78
312,Associate Professor,BuzzFeed,1993.50
313,Design Engineer,CarMax,5717.01
314,Laboratory Technician,CarMax,10172.72
315,Treasurer,It Smart Group,10494.44
316,HR Coordinator,UPC,4375.59
317,Designer,Erickson,2480.87
318,Doctor,Apple Inc.,7535.47
319,Treasurer,Carrefour,7653.59
320,Machine Operator,Demaco,6552.60
321,Fabricator,AECOM,6630.97
322,Staffing Consultant,CarMax,9978.61
323,Audiologist,Areon Impex,2998.07
324,Executive Director,ENEL,9020.30
325,Biologist,Facebook,5313.09
326,HR Specialist,BuzzFeed,2373.66
327,Cook,Facebook,9824.42
328,Ambulatory Nurse,21st Century Fox,2489.23
329,Budget Analyst,Boeing,9897.31
330,Webmaster,Boeing,6857.23
331,Machine Operator,Facebook,9772.02
332,Cash Manager,CarMax,1239.96
333,Systems Administrator,Carrefour,9595.28
334,Physician,Leadertech Consulting,7885.00
335,Operator,Carrefour,3764.56
336,Budget Analyst,Leadertech Consulting,4596.30
337,Assistant Buyer,Telekom,3046.75
338,Restaurant Manager,Erickson,5190.02
339,IT Support Staff,Zepter,4784.09
340,Service Supervisor,Boeing,7333.50
341,Machine Operator,It Smart Group,4446.49
342,Inspector,Facebook,7347.84
343,Service Supervisor,Carrefour,3363.23
344,Cashier,Comodo,7525.35
345,Ambulatory Nurse,Vodafone,4625.09
346,Associate Professor,Boeing,7014.35
347,Project Manager,ENEL,6238.09
348,Physician,Boeing,2663.18
349,Budget Analyst,Leadertech Consulting,5044.20
350,Pharmacist,Metro Cash&Carry,7026.05
351,Treasurer,Apple Inc.,7231.91
352,Steward,It Smart Group,10123.78
353,Ambulatory Nurse,CarMax,9390.48
354,Global Logistics Supervisor,Metro Cash&Carry,7122.10
355,Systems Administrator,Erickson,1564.42
356,Clerk,Team Guard SRL,10238.69
357,Loan Officer,Facebook,7491.88
358,Service Supervisor,Biolife Grup,9920.77
359,Restaurant Manager,Demaco,8063.60
360,Inspector,AECOM,3152.09
361,Electrician,It Smart Group,1977.59
362,Baker,Metro Cash&Carry,8260.92
363,Audiologist,Biolife Grup,9481.00
364,Food Technologist,Comodo,9164.83
365,Software Engineer,Zepter,3288.42
366,Investment  Advisor,Danone,2463.45
367,Doctor,Zepter,9681.01
368,Treasurer,Facebook,6484.57
369,Doctor,Comcast,3487.49
370,Lecturer,Demaco,3637.16
371,Insurance Broker,Vodafone,3439.97
372,Biologist,Areon Impex,7879.30
373,Global Logistics Supervisor,Carrefour,9247.72
374,Business Broker,Areon Impex,10389.52
375,Machine Operator,BuzzFeed,9293.47
376,Health Educator,Areon Impex,3326.87
377,Pharmacist,Facebook,6954.74
378,Budget Analyst,21st Century Fox,3396.39
379,Clerk,UPC,2842.00
380,Laboratory Technician,AECOM,5778.50
381,Chef Manager,Team Guard SRL,9791.95
382,Inspector,ENEL,6779.23
383,Service Supervisor,Leadertech Consulting,6936.73
384,Laboratory Technician,Boeing,3119.52
385,Front Desk Coordinator,Team Guard SRL,3861.00
386,Retail Trainee,It Smart Group,1510.49
387,Executive Director,Global Print,3378.93
388,Inspector,Boeing,1154.22
389,Front Desk Coordinator,ENEL,3848.49
390,Food Technologist,Global Print,4990.46
391,Audiologist,Mars,2987.94
392,Cook,Danone,6131.36
393,Inspector,DynCorp,8794.84
394,Webmaster,Global Print,4292.37
395,Executive Director,21st Century Fox,7239.72
396,Cook,Telekom,4621.85
397,Cashier,21st Century Fox,3658.83
398,Front Desk Coordinator,Vodafone,3401.95
399,Machine Operator,Boeing,3342.01
400,Doctor,AECOM,4541.16
401,Banker,Global Print,2047.14
402,HR Specialist,UPC,9874.03
403,Dentist,Biolife Grup,3508.34
404,Mobile Developer,BuzzFeed,8761.07
405,Auditor,BuzzFeed,7503.26
406,Cash Manager,Team Guard SRL,2381.72
407,Paramedic,Carrefour,10405.27
408,Healthcare Specialist,Danone,9212.32
409,Dentist,Zepter,5256.43
410,Webmaster,Apple Inc.,4474.38
411,Doctor,Team Guard SRL,3179.11
412,Paramedic,Facebook,1702.91
413,Bookkeeper,Erickson,2271.55
414,Associate Professor,Carrefour,10353.80
415,Budget Analyst,Vodafone,1572.03
416,Doctor,Telekom,9685.22
417,Cash Manager,Team Guard SRL,7024.11
418,Audiologist,Erickson,7776.56
419,Webmaster,ENEL,1756.08
420,Pharmacist,21st Century Fox,1307.82
421,Designer,Vodafone,10040.15
422,Clerk,Biolife Grup,3469.09
423,Auditor,BuzzFeed,3101.45
424,Design Engineer,It Smart Group,7922.32
425,CNC Operator,Areon Impex,9851.25
426,Lecturer,Biolife Grup,6729.07
427,Bookkeeper,Biolife Grup,1984.18
428,Food Technologist,Amazon.com,6222.54
429,Health Educator,BuzzFeed,8765.27
430,Webmaster,Apple Inc.,6780.03
431,Dentist,Zepter,3244.24
432,Service Supervisor,Comcast,4991.78
433,Fabricator,Carrefour,2423.13
434,HR Specialist,ENEL,2997.58
435,Fabricator,Team Guard SRL,6090.47
436,Audiologist,21st Century Fox,2723.36
437,Design Engineer,DynCorp,6561.52
438,Paramedic,Vodafone,10212.37
439,Auditor,Boeing,6024.36
440,Baker,Mars,7618.35
441,Operator,Areon Impex,1882.85
442,Systems Administrator,AECOM,2102.20
443,Cash Manager,Facebook,1883.97
444,Paramedic,Team Guard SRL,8365.91
445,Front Desk Coordinator,BuzzFeed,5091.28
446,Service Supervisor,Leadertech Consulting,6321.17
447,Machine Operator,21st Century Fox,3760.49
448,Dentist,DynCorp,9027.45
449,Stockbroker,Facebook,5934.35
450,Health Educator,Comcast,8909.23
451,Production Painter,Global Print,9024.79
452,Associate Professor,Carrefour,2966.13
453,Banker,It Smart Group,5516.96
454,IT Support Staff,Boeing,8767.29
455,Systems Administrator,Apple Inc.,6857.51
456,Project Manager,Coca-Cola Company,4654.45
457,Doctor,21st Century Fox,3792.36
458,Stockbroker,Apple Inc.,6059.53
459,Software Engineer,DynCorp,10400.01
460,Global Logistics Supervisor,Erickson,1766.53
461,Business Broker,Apple Inc.,4159.60
462,Paramedic,Comcast,6845.01
463,Ambulatory Nurse,Zepter,10450.80
464,Paramedic,ExxonMobil,2976.23
465,Operator,Biolife Grup,6153.96
466,Global Logistics Supervisor,Comcast,8301.41
467,Call Center Representative,DynCorp,2429.47
468,Stockbroker,Carrefour,10331.72
469,Stockbroker,AECOM,2631.72
470,Chef Manager,AECOM,1664.62
471,Associate Professor,BuzzFeed,7090.83
472,Budget Analyst,Telekom,8063.46
473,Clerk,It Smart Group,4865.21
474,Design Engineer,Apple Inc.,2512.34
475,Banker,Facebook,8553.73
476,Loan Officer,ExxonMobil,9971.42
477,HR Specialist,Team Guard SRL,3857.71
478,Dentist,ExxonMobil,7879.78
479,Food Technologist,Global Print,1792.10
480,Budget Analyst,Team Guard SRL,8228.89
481,Front Desk Coordinator,Leadertech Consulting,4131.42
482,Service Supervisor,Telekom,4729.68
483,Restaurant Manager,Vodafone,1344.63
484,Systems Administrator,It Smart Group,8871.30
485,Physician,Telekom,7278.27
486,Banker,Facebook,7551.86
487,Front Desk Coordinator,Metro Cash&Carry,9679.27
488,Associate Professor,Demaco,2443.18
489,Systems Administrator,ENEL,2651.60
490,Baker,Carrefour,8412.61
491,Staffing Consultant,Danone,5635.05
492,Fabricator,Areon Impex,7148.17
493,Food Technologist,Biolife Grup,5445.90
494,Loan Officer,DynCorp,3209.67
495,Assistant Buyer,Areon Impex,1252.95
496,Baker,It Smart Group,1850.02
497,Pharmacist,Vodafone,2930.62
498,Mobile Developer,ENEL,3117.69
499,Bellman,It Smart Group,2422.46
500,Biologist,Leadertech Consulting,9792.72
501,Associate Professor,Amazon.com,7396.77
502,Assistant Buyer,Vodafone,4460.57
503,Bookkeeper,ENEL,7064.35
504,Fabricator,Metro Cash&Carry,5474.41
505,Business Broker,Metro Cash&Carry,8774.94
506,Cashier,Carrefour,7814.78
507,Auditor,ENEL,7962.79
508,Front Desk Coordinator,Biolife Grup,2210.78
509,Associate Professor,ExxonMobil,1412.70
510,Baker,Comcast,8636.70
511,Software Engineer,Metro Cash&Carry,2569.91
512,Business Broker,Carrefour,3770.56
513,Insurance Broker,Coca-Cola Company,1381.81
514,Production Painter,Biolife Grup,6908.52
515,Laboratory Technician,Mars,4231.97
516,Chef Manager,CarMax,10238.65
517,Executive Director,Comcast,6474.10
518,Assistant Buyer,Carrefour,1401.31
519,Machine Operator,It Smart Group,5998.16
520,Web Developer,Biolife Grup,7720.62
521,HR Coordinator,CarMax,8241.33
522,Systems Administrator,AECOM,2651.63
523,Investment  Advisor,Amazon.com,9874.04
524,Health Educator,Comcast,7668.68
525,Bookkeeper,UPC,5993.53
526,CNC Operator,Demaco,5478.72
527,Assistant Buyer,Global Print,7186.08
528,IT Support Staff,Metro Cash&Carry,9619.43
529,Fabricator,ENEL,10455.67
530,Electrician,Team Guard SRL,2438.52
531,Insurance Broker,Erickson,2980.78
532,Project Manager,Biolife Grup,9944.03
533,Physician,Mars,7592.67
534,Dentist,Zepter,1580.42
535,Investment  Advisor,Comodo,1390.15
536,Chef Manager,Zepter,2963.36
537,Physician,ExxonMobil,6688.41
538,Assistant Buyer,Coca-Cola Company,5846.62
539,Banker,Mars,3182.78
540,Systems Administrator,Metro Cash&Carry,2033.77
541,Investment  Advisor,Team Guard SRL,4207.76
542,Insurance Broker,DynCorp,7676.09
543,Bellman,Mars,6970.64
544,Project Manager,Zepter,8729.56
545,Inspector,Zepter,10393.45
546,Retail Trainee,21st Century Fox,1123.97
547,Laboratory Technician,Mars,9655.86
548,Inspector,21st Century Fox,1113.15
549,Healthcare Specialist,Mars,10253.10
550,Inspector,ENEL,6122.78
551,Assistant Buyer,Leadertech Consulting,7406.08
552,Ambulatory Nurse,UPC,9655.13
553,Web Developer,Global Print,1592.80
554,Inspector,BuzzFeed,6110.26
555,Retail Trainee,Vodafone,1237.85
556,Inspector,Mars,8908.03
557,Lecturer,Apple Inc.,9303.06
558,Biologist,Boeing,2285.42
559,Banker,Global Print,9436.54
560,Restaurant Manager,Biolife Grup,5798.22
561,Production Painter,Zepter,6654.90
562,IT Support Staff,Comodo,3579.74
563,Webmaster,ExxonMobil,9522.94
564,Lecturer,Demaco,1346.87
565,Mobile Developer,Carrefour,7915.52
566,Health Educator,Global Print,3640.07
567,Service Supervisor,Danone,5929.08
568,Front Desk Coordinator,Comcast,7241.70
569,CNC Operator,Comcast,2363.37
570,Service Supervisor,Comcast,10407.33
571,Production Painter,Comcast,3798.72
572,Loan Officer,Leadertech Consulting,9030.92
573,Chef Manager,Apple Inc.,5399.44
574,Steward,Carrefour,9807.35
575,Call Center Representative,Mars,8567.94
576,Inspector,Amazon.com,4581.85
577,Dentist,Amazon.com,6146.45
578,Retail Trainee,Team Guard SRL,5774.55
579,Insurance Broker,Danone,2497.12
580,Clerk,Apple Inc.,6079.01
581,Designer,Carrefour,7969.89
582,Loan Officer,Leadertech Consulting,6851.06
583,Pharmacist,UPC,7056.06
584,Chef Manager,Coca-Cola Company,4974.24
585,Cook,Vodafone,8688.39
586,Steward,Telekom,8132.92
587,Systems Administrator,Zepter,4151.94
588,Inspector,Apple Inc.,1108.12
589,Machine Operator,Biolife Grup,9085.23
590,Bellman,ENEL,3781.46
591,Service Supervisor,UPC,10183.57
592,Laboratory Technician,Carrefour,5967.34
593,Paramedic,Biolife Grup,9644.76
594,Inspector,ENEL,4573.43
595,Designer,Amazon.com,2903.61
596,Biologist,Telekom,7689.05
597,Baker,Amazon.com,5269.58
598,Treasurer,Comcast,8641.24
599,Insurance Broker,Areon Impex,9608.12
600,Dentist,Biolife Grup,9106.28
601,Front Desk Coordinator,ENEL,4066.06
602,Lecturer,Comodo,7430.36
603,Designer,Facebook,3870.83
604,Stockbroker,Telekom,8748.16
605,Chef Manager,Demaco,7316.67
606,Staffing Consultant,Zepter,10048.07
607,Ambulatory Nurse,It Smart Group,8762.05
608,Accountant,Global Print,8636.32
609,Software Engineer,Boeing,2555.31
610,Lecturer,Danone,1170.70
611,Budget Analyst,21st Century Fox,9581.51
612,Budget Analyst,CarMax,6494.94
613,Systems Administrator,UPC,6003.41
614,Inspector,Apple Inc.,6422.41
615,Baker,Amazon.com,9573.78
616,Food Technologist,Apple Inc.,1658.38
617,Front Desk Coordinator,Telekom,10442.68
618,Front Desk Coordinator,Vodafone,1540.42
619,Auditor,Danone,4965.59
620,Retail Trainee,Comcast,2038.81
621,Retail Trainee,Coca-Cola Company,6519.80
622,HR Coordinator,Boeing,10138.09
623,Chef Manager,ExxonMobil,4659.69
624,Design Engineer,Coca-Cola Company,4367.49
625,Paramedic,Leadertech Consulting,9254.57
626,Cash Manager,Vodafone,7847.74
627,Pharmacist,Biolife Grup,3924.55
628,Bookkeeper,Apple Inc.,1259.28
629,Business Broker,Facebook,8168.42
630,Mobile Developer,Team Guard SRL,6126.39
631,Budget Analyst,Leadertech Consulting,9598.98
632,Mobile Developer,Zepter,4957.55
633,Biologist,AECOM,1484.34
634,Stockbroker,DynCorp,6726.50
635,Healthcare Specialist,AECOM,2830.59
636,Cash Manager,Team Guard SRL,7915.41
637,Staffing Consultant,21st Century Fox,1115.58
638,Lecturer,DynCorp,4092.35
639,Restaurant Manager,Erickson,1146.39
640,Associate Professor,Team Guard SRL,1411.64
641,Pharmacist,Facebook,1267.73
642,Bellman,Team Guard SRL,5570.51
643,Web Developer,UPC,9480.36
644,Lecturer,21st Century Fox,3001.83
645,Restaurant Manager,Metro Cash&Carry,7803.53
646,Laboratory Technician,DynCorp,8156.30
647,Designer,BuzzFeed,1329.81
648,Chef Manager,Apple Inc.,4032.25
649,HR Coordinator,Danone,9599.28
650,IT Support Staff,Zepter,3112.02
651,Insurance Broker,DynCorp,2128.70
652,Audiologist,Zepter,2155.95
653,Physician,Boeing,10274.52
654,Software Engineer,Amazon.com,8858.31
655,Baker,Boeing,9045.00
656,Ambulatory Nurse,Comodo,2532.88
657,Doctor,Coca-Cola Company,3370.68
658,Inspector,Mars,2317.94
659,Ambulatory Nurse,Areon Impex,7885.02
660,Business Broker,Erickson,6454.07
661,Loan Officer,Leadertech Consulting,10137.44
662,Operator,Telekom,4305.06
663,Treasurer,AECOM,5261.61
664,Assistant Buyer,DynCorp,10096.60
665,Loan Officer,BuzzFeed,7664.20
666,Project Manager,It Smart Group,3083.35
667,Auditor,Demaco,6386.93
668,HR Coordinator,Zepter,1171.81
669,Bookkeeper,Amazon.com,5409.42
670,Biologist,Erickson,3164.89
671,Banker,ENEL,2602.51
672,Laboratory Technician,Metro Cash&Carry,2122.44
673,Front Desk Coordinator,ExxonMobil,2398.41
674,Business Broker,AECOM,9656.72
675,Web Developer,Comodo,9213.28
676,Machine Operator,ENEL,4353.80
677,Assistant Buyer,Facebook,7689.24
678,Health Educator,Apple Inc.,3779.71
679,Food Technologist,Mars,8280.89
680,Call Center Representative,Carrefour,9781.81
681,Fabricator,Vodafone,2406.75
682,Cashier,Amazon.com,3822.86
683,Web Developer,Global Print,4628.75
684,Project Manager,UPC,5152.60
685,Call Center Representative,ENEL,8999.43
686,Web Developer,Zepter,2046.08
687,Dentist,It Smart Group,7296.34
688,Call Center Representative,21st Century Fox,7091.27
689,Associate Professor,Zepter,1804.59
690,Assistant Buyer,Comodo,9502.42
691,Treasurer,AECOM,10237.03
692,Lecturer,21st Century Fox,3176.56
693,Restaurant Manager,Danone,5238.80
694,Software Engineer,Mars,2070.04
695,Laboratory Technician,Comodo,6766.64
696,Budget Analyst,Telekom,6690.56
697,HR Specialist,Danone,1365.96
698,HR Coordinator,Zepter,6314.75
699,Bellman,Coca-Cola Company,9736.22
700,Electrician,AECOM,8907.86
701,Clerk,AECOM,3165.19
702,IT Support Staff,CarMax,6075.14
703,Executive Director,Areon Impex,6100.11
704,Health Educator,Erickson,8304.22
705,Inspector,CarMax,9546.56
706,Healthcare Specialist,Erickson,9006.60
707,Baker,Metro Cash&Carry,8389.74
708,Cook,Metro Cash&Carry,6008.29
709,Web Developer,Coca-Cola Company,2396.34
710,IT Support Staff,It Smart Group,6500.48
711,Food Technologist,Apple Inc.,1221.37
712,Production Painter,It Smart Group,4999.26
713,Treasurer,Areon Impex,3432.77
714,Inspector,Leadertech Consulting,6154.74
715,Auditor,Boeing,8419.69
716,Associate Professor,Coca-Cola Company,7739.17
717,Software Engineer,Erickson,1896.26
718,Food Technologist,Erickson,1885.38
719,Staffing Consultant,Amazon.com,3155.27
720,Inspector,Vodafone,5297.96
721,Restaurant Manager,Areon Impex,8349.27
722,Software Engineer,Leadertech Consulting,8103.66
723,Healthcare Specialist,Vodafone,5751.68
724,Audiologist,Erickson,5481.29
725,Designer,Apple Inc.,1428.53
726,HR Coordinator,Metro Cash&Carry,10078.73
727,Lecturer,Mars,9250.74
728,Healthcare Specialist,Demaco,5935.46
729,HR Coordinator,Biolife Grup,7889.47
730,Global Logistics Supervisor,Comodo,6751.91
731,Electrician,DynCorp,1388.50
732,Biologist,Telekom,1542.03
733,Biologist,Comodo,9691.92
734,Executive Director,Leadertech Consulting,6144.20
735,Associate Professor,Team Guard SRL,5952.79
736,Stockbroker,ENEL,1834.77
737,Bookkeeper,Biolife Grup,1672.73
738,Service Supervisor,Zepter,3377.57
739,Audiologist,Apple Inc.,7940.86
740,Loan Officer,Apple Inc.,1967.54
741,Machine Operator,21st Century Fox,7601.36
742,Software Engineer,DynCorp,9576.35
743,Chef Manager,UPC,3819.22
744,Investment  Advisor,ExxonMobil,5298.59
745,Project Manager,21st Century Fox,9465.56
746,Auditor,Team Guard SRL,3893.37
747,Physician,UPC,6318.97
748,Executive Director,Biolife Grup,9234.14
749,Call Center Representative,ExxonMobil,6215.14
750,Business Broker,Metro Cash&Carry,10008.87
751,Investment  Advisor,Telekom,3339.57
752,Webmaster,CarMax,8598.00
753,Bookkeeper,Facebook,6762.03
754,Bookkeeper,Team Guard SRL,4417.43
755,Paramedic,Vodafone,9499.11
756,Service Supervisor,Vodafone,8041.56
757,Design Engineer,Telekom,5181.71
758,Call Center Representative,Apple Inc.,2781.09
759,Ambulatory Nurse,Biolife Grup,9753.67
760,Biologist,ExxonMobil,4708.68
761,Physician,ExxonMobil,3687.10
762,Clerk,Carrefour,10137.29
763,Front Desk Coordinator,Facebook,9743.21
764,Cashier,Carrefour,7385.52
765,Dentist,BuzzFeed,9765.07
766,Cash Manager,It Smart Group,7213.59
767,Production Painter,Vodafone,4879.86
768,Webmaster,Mars,7146.49
769,Mobile Developer,Metro Cash&Carry,4158.58
770,Business Broker,It Smart Group,5497.38
771,Front Desk Coordinator,Carrefour,1454.72
772,Fabricator,BuzzFeed,10433.72
773,Business Broker,Boeing,8416.70
774,Assistant Buyer,Carrefour,5963.83
775,Web Developer,Facebook,9344.18
776,Associate Professor,ENEL,6313.71
777,Designer,Comcast,8519.98
778,Cook,Leadertech Consulting,4463.61
779,Webmaster,Leadertech Consulting,10445.25
780,Audiologist,AECOM,7852.61
781,Webmaster,Global Print,1251.73
782,Project Manager,Amazon.com,4776.02
783,Lecturer,It Smart Group,9613.23
784,Food Technologist,21st Century Fox,9843.80
785,Baker,Boeing,4271.35
786,HR Coordinator,UPC,2556.76
787,Doctor,Global Print,2359.72
788,Service Supervisor,Carrefour,4039.47
789,Pharmacist,Comcast,9435.22
790,Machine Operator,AECOM,8459.79
791,Front Desk Coordinator,Team Guard SRL,9042.61
792,Accountant,Comcast,4666.58
793,Insurance Broker,Biolife Grup,4738.10
794,Restaurant Manager,DynCorp,2378.35
795,Cook,ExxonMobil,5459.90
796,Retail Trainee,Leadertech Consulting,9995.28
797,Software Engineer,Boeing,9159.10
798,HR Specialist,Vodafone,3794.59
799,Dentist,CarMax,2533.05
800,Service Supervisor,DynCorp,4710.85
801,Executive Director,Comcast,1997.47
802,CNC Operator,It Smart Group,7203.92
803,Bellman,Apple Inc.,5116.26
804,Production Painter,Demaco,3445.41
805,Auditor,Team Guard SRL,8313.47
806,Healthcare Specialist,Apple Inc.,4609.47
807,Project Manager,Erickson,2288.01
808,Bookkeeper,Global Print,6010.15
809,Banker,ExxonMobil,6062.11
810,Dentist,CarMax,2333.01
811,Loan Officer,DynCorp,8102.59
812,Inspector,Facebook,1195.82
813,Budget Analyst,21st Century Fox,9244.10
814,Front Desk Coordinator,Danone,5643.31
815,Auditor,Comodo,2521.84
816,Fabricator,BuzzFeed,7219.50
817,Retail Trainee,UPC,5608.09
818,IT Support Staff,Team Guard SRL,5206.78
819,Designer,Boeing,7113.53
820,Bookkeeper,Metro Cash&Carry,8620.03
821,Staffing Consultant,Leadertech Consulting,8379.91
822,Designer,Team Guard SRL,1446.46
823,IT Support Staff,Biolife Grup,1624.92
824,Laboratory Technician,CarMax,2382.27
825,Accountant,Leadertech Consulting,2094.47
826,Lecturer,Leadertech Consulting,7157.13
827,IT Support Staff,Facebook,3432.71
828,Lecturer,Zepter,9454.10
829,Bellman,Telekom,3763.36
830,CNC Operator,UPC,4248.17
831,Bellman,Coca-Cola Company,5440.41
832,Investment  Advisor,Erickson,8541.03
833,Clerk,Erickson,10391.67
834,Inspector,Vodafone,5643.85
835,Chef Manager,Erickson,3093.93
836,IT Support Staff,ENEL,8160.58
837,Cook,Coca-Cola Company,3557.85
838,Biologist,Team Guard SRL,8592.99
839,Baker,Carrefour,5399.12
840,Fabricator,Comcast,8841.66
841,Software Engineer,Facebook,4891.60
842,Project Manager,Areon Impex,9450.54
843,Treasurer,Boeing,1486.76
844,Mobile Developer,BuzzFeed,7829.27
845,Audiologist,Areon Impex,4660.00
846,IT Support Staff,It Smart Group,9250.78
847,Accountant,Biolife Grup,6599.50
848,Steward,Apple Inc.,5441.61
849,Software Engineer,Leadertech Consulting,3540.05
850,Service Supervisor,Zepter,7133.63
851,Staffing Consultant,ENEL,10472.59
852,Health Educator,21st Century Fox,2156.65
853,Treasurer,Coca-Cola Company,2829.76
854,Ambulatory Nurse,Comcast,5782.79
855,HR Coordinator,Carrefour,10285.46
856,Audiologist,ExxonMobil,2960.35
857,Associate Professor,Comcast,3022.28
858,Stockbroker,Boeing,6381.79
859,Cashier,BuzzFeed,6229.46
860,Clerk,ENEL,6037.20
861,Inspector,ExxonMobil,5549.91
862,Lecturer,Carrefour,3371.16
863,Insurance Broker,Comcast,10166.88
864,Investment  Advisor,Vodafone,8960.29
865,Business Broker,Mars,3068.21
866,CNC Operator,Global Print,8582.25
867,Doctor,BuzzFeed,9251.84
868,Auditor,Amazon.com,4270.37
869,Paramedic,Coca-Cola Company,7516.97
870,HR Coordinator,Biolife Grup,3699.00
871,Retail Trainee,ENEL,9684.87
872,CNC Operator,Erickson,6666.47
873,Production Painter,ENEL,7731.36
874,Associate Professor,Leadertech Consulting,9779.17
875,Cook,21st Century Fox,1371.72
876,Doctor,Apple Inc.,3354.42
877,HR Specialist,Carrefour,9250.57
878,Associate Professor,Areon Impex,7457.83
879,Insurance Broker,CarMax,8254.06
880,Health Educator,DynCorp,9948.64
881,Health Educator,21st Century Fox,4864.20
882,Budget Analyst,Carrefour,8737.96
883,Operator,It Smart Group,7890.86
884,HR Coordinator,Comodo,7367.97
885,Bellman,Amazon.com,8457.11
886,Global Logistics Supervisor,Apple Inc.,6027.93
887,Biologist,Areon Impex,4576.49
888,Staffing Consultant,AECOM,4388.58
889,Production Painter,Biolife Grup,5380.83
890,Laboratory Technician,Facebook,4234.19
891,Laboratory Technician,Coca-Cola Company,4974.51
892,Steward,ExxonMobil,8406.09
893,Bellman,Mars,2511.63
894,Assistant Buyer,Vodafone,3716.88
895,Design Engineer,ExxonMobil,3441.19
896,Production Painter,Erickson,5324.50
897,Clerk,Danone,3363.44
898,Doctor,Leadertech Consulting,3870.69
899,Machine Operator,Telekom,1938.33
900,Operator,ENEL,2459.84
901,Service Supervisor,Apple Inc.,8156.34
902,Paramedic,Telekom,4660.33
903,Global Logistics Supervisor,Danone,1523.88
904,Staffing Consultant,Zepter,9300.68
905,Cook,Boeing,4838.84
906,Design Engineer,Leadertech Consulting,6289.73
907,Project Manager,Metro Cash&Carry,10273.62
908,Paramedic,Metro Cash&Carry,5270.19
909,Banker,Comcast,8994.85
910,CNC Operator,Demaco,9117.20
911,Systems Administrator,AECOM,4094.18
912,Software Engineer,DynCorp,10100.85
913,CNC Operator,Leadertech Consulting,5697.45
914,Lecturer,ExxonMobil,3770.31
915,Biologist,Zepter,9659.90
916,Bellman,AECOM,9542.29
917,Loan Officer,Danone,5809.65
918,Paramedic,BuzzFeed,2067.67
919,Call Center Representative,Biolife Grup,4288.03
920,Baker,Amazon.com,9753.09
921,Lecturer,CarMax,1614.39
922,Food Technologist,Boeing,4778.66
923,Dentist,Vodafone,2469.07
924,Electrician,DynCorp,7653.89
925,Retail Trainee,Comcast,1783.15
926,Restaurant Manager,Carrefour,10019.88
927,HR Coordinator,Boeing,8946.26
928,Bookkeeper,Amazon.com,4977.70
929,Production Painter,Erickson,9595.97
930,Business Broker,Amazon.com,5298.54
931,Audiologist,Metro Cash&Carry,5194.74
932,Stockbroker,Metro Cash&Carry,9042.94
933,Machine Operator,Danone,7079.31
934,Insurance Broker,Mars,1239.64
935,Laboratory Technician,It Smart Group,6171.15
936,Lecturer,Biolife Grup,8194.66
937,Webmaster,AECOM,8075.77
938,Service Supervisor,Demaco,10228.76
939,Service Supervisor,Biolife Grup,7837.72
940,Design Engineer,Danone,5312.05
941,Auditor,Danone,2316.14
942,Lecturer,Telekom,9917.60
943,Executive Director,ExxonMobil,8670.57
944,Insurance Broker,Boeing,9740.69
945,Bookkeeper,Amazon.com,3044.09
946,Software Engineer,CarMax,4436.76
947,Front Desk Coordinator,ExxonMobil,7496.04
948,Project Manager,Facebook,5993.67
949,Laboratory Technician,Biolife Grup,1495.46
950,Physician,It Smart Group,10461.57
951,Loan Officer,Comodo,10363.05
952,HR Specialist,Vodafone,9615.93
953,Banker,Areon Impex,8555.13
954,Bellman,ExxonMobil,1649.55
955,Design Engineer,Mars,4430.91
956,Biologist,BuzzFeed,9766.16
957,Business Broker,Facebook,9935.72
958,Ambulatory Nurse,ENEL,6088.78
959,Front Desk Coordinator,Global Print,1397.67
960,Banker,Apple Inc.,6286.46
961,Operator,Mars,1998.25
962,Mobile Developer,UPC,9381.06
963,Dentist,Facebook,7626.13
964,Associate Professor,Comcast,7511.01
965,HR Coordinator,BuzzFeed,4547.08
966,Physician,AECOM,5753.41
967,Restaurant Manager,ENEL,9124.00
968,Laboratory Technician,Danone,3114.80
969,Cashier,AECOM,2712.53
970,Call Center Representative,Comcast,7422.23
971,Biologist,Boeing,1397.70
972,Cashier,Global Print,4947.67
973,Healthcare Specialist,It Smart Group,8634.57
974,Investment  Advisor,Carrefour,10044.35
975,Design Engineer,Areon Impex,8758.69
976,Staffing Consultant,Mars,9903.86
977,HR Coordinator,Comcast,6936.07
978,Operator,Comodo,7068.22
979,Call Center Representative,Mars,3106.45
980,Treasurer,Team Guard SRL,2238.75
981,Bookkeeper,Demaco,9172.32
982,Budget Analyst,Areon Impex,7938.35
983,Restaurant Manager,Boeing,6670.82
984,Electrician,Team Guard SRL,5505.69
985,Food Technologist,It Smart Group,4076.69
986,Retail Trainee,Demaco,6968.63
987,Loan Officer,It Smart Group,8859.05
988,Biologist,It Smart Group,2714.22
989,Web Developer,Comodo,2123.64
990,Audiologist,Comcast,9675.17
991,Bellman,UPC,3341.25
992,Doctor,Areon Impex,1495.17
993,Pharmacist,Vodafone,4033.49
994,Staffing Consultant,Amazon.com,2822.14
995,Inspector,Areon Impex,2529.73
996,Auditor,Danone,3031.98
997,Biologist,Metro Cash&Carry,8384.57
998,Mobile Developer,Coca-Cola Company,4005.09
999,CNC Operator,Global Print,3187.97
1000,Cashier,Comcast,7461.88
1001,Food Technologist,ExxonMobil,8954.31
1002,Software Engineer,Facebook,3979.00
1003,Auditor,It Smart Group,7632.30
1004,Call Center Representative,Coca-Cola Company,1666.83
1005,Staffing Consultant,Biolife Grup,9031.45
1006,Ambulatory Nurse,UPC,2511.74
1007,Laboratory Technician,Apple Inc.,3000.27
1008,Banker,BuzzFeed,8117.28
1009,Pharmacist,It Smart Group,10120.07
1010,Systems Administrator,Leadertech Consulting,3901.31
1011,Health Educator,BuzzFeed,4993.85
1012,Machine Operator,Telekom,1809.91
1013,IT Support Staff,Zepter,4437.47
1014,Banker,Global Print,4641.84
1015,Bellman,Zepter,10194.46
1016,Health Educator,Comcast,2381.15
1017,Paramedic,Biolife Grup,2401.69
1018,Banker,21st Century Fox,3785.19
1019,Cashier,ENEL,6525.97
1020,Software Engineer,Metro Cash&Carry,1876.05
1021,Chef Manager,Mars,6146.58
1022,Ambulatory Nurse,ExxonMobil,10365.69
1023,Cashier,Amazon.com,4458.83
1024,Dentist,BuzzFeed,9960.27
1025,Machine Operator,Leadertech Consulting,3143.58
1026,CNC Operator,Danone,7190.17
1027,Mobile Developer,Comodo,1402.37
1028,Accountant,Zepter,5007.95
1029,Software Engineer,Leadertech Consulting,7819.88
1030,Systems Administrator,Mars,4436.89
1031,Banker,DynCorp,8209.59
1032,Chef Manager,Vodafone,3990.36
1033,Designer,Boeing,5208.43
1034,Operator,Danone,9771.78
1035,Clerk,CarMax,6085.36
1036,Chef Manager,Facebook,10146.90
1037,Food Technologist,Zepter,3858.37
1038,HR Specialist,It Smart Group,6030.36
1039,Call Center Representative,Global Print,8251.22
1040,Mobile Developer,Vodafone,10172.23
1041,Executive Director,Boeing,5914.88
1042,Cash Manager,Demaco,8962.73
1043,Insurance Broker,It Smart Group,9355.26
1044,Baker,Amazon.com,3232.98
1045,Loan Officer,ExxonMobil,9442.14
1046,Operator,Global Print,3078.65
1047,Staffing Consultant,ExxonMobil,2598.08
1048,HR Coordinator,Comcast,6435.61
1049,Insurance Broker,Boeing,5829.92
1050,Systems Administrator,Facebook,4178.15
1051,CNC Operator,Leadertech Consulting,3236.13
1052,HR Coordinator,It Smart Group,5230.41
1053,Cash Manager,Boeing,5303.65
1054,Dentist,Danone,9871.48
1055,Retail Trainee,Coca-Cola Company,1905.13
1056,Staffing Consultant,Areon Impex,4408.19
1057,Cook,Danone,5022.88
1058,HR Specialist,ENEL,4005.60
1059,Biologist,Amazon.com,6732.61
1060,Designer,Erickson,5850.05
1061,Baker,Boeing,3408.44
1062,Machine Operator,UPC,5658.83
1063,Front Desk Coordinator,Global Print,9544.70
1064,Mobile Developer,Boeing,3026.62
1065,Front Desk Coordinator,Facebook,1277.47
1066,Investment  Advisor,Metro Cash&Carry,10241.99
1067,Associate Professor,DynCorp,7993.48
1068,Webmaster,Mars,2586.70
1069,Inspector,Zepter,3607.24
1070,Webmaster,Biolife Grup,7631.04
1071,Healthcare Specialist,Comodo,6586.11
1072,Global Logistics Supervisor,ExxonMobil,8224.42
1073,Cashier,21st Century Fox,9671.15
1074,Operator,21st Century Fox,6945.41
1075,Paramedic,Coca-Cola Company,6905.99
1076,HR Specialist,CarMax,1736.21
1077,Lecturer,Amazon.com,10457.27
1078,Lecturer,Zepter,10423.66
1079,Software Engineer,Mars,5078.68
1080,Accountant,Vodafone,3127.48
1081,Health Educator,Metro Cash&Carry,3277.60
1082,Production Painter,Erickson,5470.34
1083,Cash Manager,Comcast,3348.88
1084,Biologist,Facebook,1774.21
1085,Operator,CarMax,2759.75
1086,Staffing Consultant,It Smart Group,7781.31
1087,Lecturer,21st Century Fox,4942.42
1088,Budget Analyst,Global Print,2784.66
1089,Cook,Vodafone,6421.78
1090,Baker,ENEL,9502.12
1091,Lecturer,Zepter,9425.36
1092,Stockbroker,Apple Inc.,10294.59
1093,Cook,Demaco,7573.15
1094,Staffing Consultant,Zepter,4104.70
1095,Business Broker,Telekom,4370.21
1096,HR Coordinator,Amazon.com,1516.12
1097,Machine Operator,Zepter,7459.06
1098,HR Coordinator,Zepter,8243.95
1099,Paramedic,Demaco,1530.61
1100,Treasurer,BuzzFeed,10024.61
1101,Electrician,BuzzFeed,9007.87
1102,Restaurant Manager,Facebook,9984.20
1103,Webmaster,ENEL,2389.02
1104,Associate Professor,Coca-Cola Company,3133.54
1105,Lecturer,It Smart Group,7092.15
1106,Cashier,Carrefour,9390.77
1107,Biologist,DynCorp,6347.44
1108,Business Broker,AECOM,8729.17
1109,Project Manager,Facebook,4184.05
1110,Project Manager,BuzzFeed,5042.78
1111,Webmaster,Team Guard SRL,6858.76
1112,Executive Director,AECOM,10016.65
1113,Project Manager,ENEL,5317.17
1114,Global Logistics Supervisor,Telekom,6068.79
1115,Business Broker,Vodafone,1554.60
1116,Investment  Advisor,Boeing,7590.69
1117,Healthcare Specialist,Danone,4306.92
1118,Banker,Team Guard SRL,7248.17
1119,Ambulatory Nurse,Danone,10258.69
1120,Accountant,Team Guard SRL,3471.68
1121,Designer,AECOM,10287.66
1122,Design Engineer,Carrefour,5968.51
1123,HR Coordinator,Vodafone,9003.99
1124,Cash Manager,It Smart Group,9940.83
1125,Physician,Erickson,7310.34
1126,Production Painter,CarMax,5586.39
1127,Cash Manager,Comodo,1563.77
1128,Inspector,Vodafone,6630.86
1129,Cook,BuzzFeed,1851.28
1130,Designer,Apple Inc.,6983.77
1131,Lecturer,ENEL,7657.11
1132,Designer,Apple Inc.,1148.44
1133,Cash Manager,UPC,4469.66
1134,Service Supervisor,Telekom,7515.69
1135,Laboratory Technician,Facebook,6692.29
1136,Cash Manager,Leadertech Consulting,3904.30
1137,Front Desk Coordinator,Erickson,2141.22
1138,Paramedic,Mars,5571.85
1139,Budget Analyst,Carrefour,9498.90
1140,HR Coordinator,Global Print,1381.29
1141,Biologist,Mars,3657.60
1142,Budget Analyst,Zepter,3054.85
1143,Web Developer,Areon Impex,6717.58
1144,Pharmacist,Erickson,3057.29
1145,Fabricator,Apple Inc.,8591.07
1146,Fabricator,Danone,7512.82
1147,Call Center Representative,ExxonMobil,6640.96
1148,Global Logistics Supervisor,ExxonMobil,4816.10
1149,Ambulatory Nurse,CarMax,6155.03
1150,Inspector,Mars,6475.15
1151,IT Support Staff,Amazon.com,3564.28
1152,Designer,Metro Cash&Carry,6025.36
1153,Bookkeeper,Mars,6416.09
1154,Doctor,BuzzFeed,2638.94
1155,Loan Officer,Biolife Grup,8699.96
1156,Bookkeeper,ENEL,1615.80
1157,Service Supervisor,Vodafone,6819.52
1158,Cashier,21st Century Fox,6246.57
1159,Web Developer,Erickson,2546.88
1160,Operator,AECOM,4888.12
1161,Audiologist,DynCorp,3115.18
1162,Executive Director,Team Guard SRL,3075.23
1163,Project Manager,Biolife Grup,4866.15
1164,Systems Administrator,DynCorp,7582.41
1165,Laboratory Technician,Metro Cash&Carry,1846.57
1166,HR Coordinator,Vodafone,2062.23
1167,Designer,Comcast,8260.07
1168,HR Specialist,Erickson,5177.53
1169,Webmaster,Comcast,2487.55
1170,Healthcare Specialist,Apple Inc.,6956.65
1171,CNC Operator,Demaco,9713.90
1172,Business Broker,Mars,8341.50
1173,Loan Officer,Coca-Cola Company,5570.76
1174,Banker,AECOM,9547.34
1175,Lecturer,Comodo,8646.94
1176,Business Broker,Vodafone,9652.60
1177,Dentist,BuzzFeed,8390.64
1178,Associate Professor,Metro Cash&Carry,1600.50
1179,Insurance Broker,Danone,10489.98
1180,Accountant,CarMax,5458.40
1181,Paramedic,Boeing,1434.53
1182,Budget Analyst,UPC,1321.61
1183,Project Manager,Leadertech Consulting,5947.48
1184,Chef Manager,AECOM,5248.06
1185,CNC Operator,Boeing,1127.33
1186,Laboratory Technician,AECOM,1935.87
1187,Mobile Developer,Zepter,7266.94
1188,Cook,Demaco,4304.12
1189,Call Center Representative,Amazon.com,2006.07
1190,Electrician,Apple Inc.,2076.05
1191,Cash Manager,Mars,1817.73
1192,Loan Officer,Biolife Grup,10328.32
1193,Project Manager,Coca-Cola Company,2394.32
1194,Software Engineer,Apple Inc.,9395.79
1195,CNC Operator,AECOM,8746.90
1196,Budget Analyst,UPC,1384.69
1197,Audiologist,BuzzFeed,6320.32
1198,Audiologist,Mars,7775.86
1199,Systems Administrator,Zepter,6659.05
1200,Systems Administrator,It Smart Group,3319.55
1201,Ambulatory Nurse,Biolife Grup,9592.39
1202,Investment  Advisor,Facebook,8502.75
1203,Laboratory Technician,Danone,6443.86
1204,IT Support Staff,Leadertech Consulting,6306.26
1205,Project Manager,Telekom,9097.38
1206,Cashier,Leadertech Consulting,6289.33
1207,Designer,Apple Inc.,6829.07
1208,Cash Manager,Carrefour,7056.73
1209,Inspector,Metro Cash&Carry,3831.66
1210,Business Broker,ExxonMobil,1245.65
1211,Laboratory Technician,Metro Cash&Carry,2967.88
1212,Auditor,21st Century Fox,4147.24
1213,Audiologist,Leadertech Consulting,4958.94
1214,Bookkeeper,Amazon.com,1253.85
1215,Healthcare Specialist,Mars,1503.64
1216,Production Painter,AECOM,7297.50
1217,Ambulatory Nurse,Biolife Grup,5295.16
1218,Paramedic,ENEL,5663.03
1219,Food Technologist,Zepter,10044.11
1220,Software Engineer,Telekom,1804.84
1221,Business Broker,It Smart Group,6049.88
1222,Restaurant Manager,Boeing,8687.93
1223,Clerk,Coca-Cola Company,9805.06
1224,Laboratory Technician,Metro Cash&Carry,2479.47
1225,Loan Officer,DynCorp,3543.46
1226,Steward,ENEL,8538.96
1227,Webmaster,Metro Cash&Carry,3153.83
1228,Stockbroker,Apple Inc.,2964.20
1229,HR Coordinator,Areon Impex,5658.08
1230,Biologist,AECOM,7168.58
1231,Executive Director,BuzzFeed,2467.95
1232,Baker,Apple Inc.,6958.84
1233,Investment  Advisor,Coca-Cola Company,3937.40
1234,Web Developer,CarMax,4839.32
1235,Web Developer,Coca-Cola Company,5390.93
1236,Bellman,CarMax,6507.37
1237,Treasurer,Comodo,2325.65
1238,Accountant,AECOM,10165.28
1239,Doctor,Demaco,6561.95
1240,Staffing Consultant,Metro Cash&Carry,6834.89
1241,Clerk,CarMax,8673.52
1242,Inspector,Coca-Cola Company,3227.49
1243,Biologist,Global Print,1733.17
1244,Clerk,Biolife Grup,6684.11
1245,Webmaster,Erickson,9718.25
1246,Assistant Buyer,Global Print,4153.29
1247,Global Logistics Supervisor,Carrefour,8820.61
1248,Bellman,Amazon.com,9630.59
1249,Laboratory Technician,BuzzFeed,10185.22
1250,Physician,Biolife Grup,4506.59
1251,Mobile Developer,AECOM,4455.26
1252,Design Engineer,Comcast,7277.63
1253,Physician,Carrefour,6945.58
1254,Restaurant Manager,Amazon.com,6685.25
1255,Electrician,Comodo,5221.14
1256,Health Educator,Vodafone,6643.71
1257,Assistant Buyer,Areon Impex,3803.61
1258,Health Educator,Danone,5751.14
1259,Global Logistics Supervisor,Comcast,8035.35
1260,Project Manager,CarMax,9495.09
1261,Audiologist,Apple Inc.,6114.40
1262,Accountant,Mars,7521.53
1263,Call Center Representative,Global Print,2542.04
1264,Physician,Areon Impex,4680.95
1265,Treasurer,Telekom,4070.06
1266,Systems Administrator,21st Century Fox,5893.97
1267,Loan Officer,BuzzFeed,3004.42
1268,Budget Analyst,Leadertech Consulting,3675.79
1269,CNC Operator,CarMax,8490.87
1270,Treasurer,21st Century Fox,10128.02
1271,Health Educator,Telekom,4115.25
1272,Steward,Coca-Cola Company,2802.37
1273,Chef Manager,Areon Impex,7658.72
1274,Auditor,Danone,8972.94
1275,Baker,Biolife Grup,6014.12
1276,Accountant,Danone,10224.36
1277,Staffing Consultant,Team Guard SRL,1509.69
1278,Steward,Demaco,7568.84
1279,Biologist,Amazon.com,4940.47
1280,Food Technologist,Metro Cash&Carry,10042.75
1281,Webmaster,ExxonMobil,5674.85
1282,Operator,Apple Inc.,7527.14
1283,Pharmacist,Metro Cash&Carry,3587.28
1284,Fabricator,Biolife Grup,9458.44
1285,Cash Manager,DynCorp,1828.04
1286,Design Engineer,Carrefour,8536.73
1287,Steward,Comodo,8794.50
1288,Call Center Representative,Boeing,5917.43
1289,Service Supervisor,Coca-Cola Company,4330.84
1290,Healthcare Specialist,Danone,10485.81
1291,Project Manager,CarMax,3756.83
1292,Cash Manager,Leadertech Consulting,3084.74
1293,IT Support Staff,Danone,7128.92
1294,Baker,Biolife Grup,7352.72
1295,Project Manager,Comcast,8510.02
1296,Service Supervisor,Comodo,3872.54
1297,CNC Operator,Metro Cash&Carry,3660.80
1298,Systems Administrator,Biolife Grup,4036.30
1299,HR Specialist,Comodo,1596.05
1300,Investment  Advisor,AECOM,2862.88
1301,Accountant,Apple Inc.,4761.00
1302,Loan Officer,Danone,8737.19
1303,Cash Manager,Global Print,5289.49
1304,Business Broker,It Smart Group,8300.74
1305,Audiologist,Erickson,5029.02
1306,Insurance Broker,Metro Cash&Carry,2338.14
1307,Stockbroker,Biolife Grup,9350.33
1308,Budget Analyst,Metro Cash&Carry,3152.86
1309,Webmaster,ENEL,7290.47
1310,Project Manager,Comcast,4974.16
1311,Doctor,CarMax,5781.34
1312,Laboratory Technician,Vodafone,2551.25
1313,Cash Manager,Biolife Grup,8088.84
1314,Staffing Consultant,ENEL,5413.19
1315,Doctor,Demaco,4576.05
1316,Treasurer,21st Century Fox,8386.07
1317,Audiologist,Amazon.com,1322.45
1318,Electrician,Zepter,4637.03
1319,Fabricator,Team Guard SRL,1448.25
1320,Dentist,Coca-Cola Company,9971.66
1321,Baker,Demaco,7906.82
1322,Clerk,Mars,5050.06
1323,Healthcare Specialist,ENEL,9536.68
1324,Accountant,Biolife Grup,9710.45
1325,Auditor,Comodo,5006.10
1326,Global Logistics Supervisor,UPC,6086.92
1327,Clerk,Demaco,7161.45
1328,Web Developer,Comcast,2798.27
1329,Auditor,CarMax,5485.08
1330,Chef Manager,Team Guard SRL,4291.02
1331,Paramedic,Mars,1207.78
1332,Project Manager,Comodo,5074.23
1333,Global Logistics Supervisor,Danone,2944.66
1334,Auditor,Team Guard SRL,2826.85
1335,Software Engineer,It Smart Group,3214.93
1336,Cash Manager,21st Century Fox,7439.09
1337,Designer,CarMax,7564.85
1338,Mobile Developer,UPC,3467.57
1339,Project Manager,Leadertech Consulting,4387.74
1340,Assistant Buyer,UPC,9186.15
1341,Baker,Amazon.com,4075.99
1342,Machine Operator,Global Print,1826.72
1343,Fabricator,DynCorp,9772.20
1344,Healthcare Specialist,Comodo,8485.20
1345,Software Engineer,Boeing,8468.35
1346,Retail Trainee,BuzzFeed,8025.49
1347,Budget Analyst,It Smart Group,2192.56
1348,IT Support Staff,UPC,4458.80
1349,HR Specialist,Boeing,1334.97
1350,Associate Professor,Areon Impex,8862.09
1351,Healthcare Specialist,Leadertech Consulting,1565.61
1352,Cash Manager,CarMax,5936.25
1353,Design Engineer,Facebook,9494.92
1354,Fabricator,Telekom,3556.63
1355,Chef Manager,Mars,8870.61
1356,Assistant Buyer,Biolife Grup,3391.78
1357,Food Technologist,Amazon.com,4312.24
1358,Dentist,Leadertech Consulting,3410.83
1359,Insurance Broker,AECOM,8676.16
1360,Healthcare Specialist,ENEL,5850.05
1361,Auditor,ExxonMobil,9240.57
1362,Budget Analyst,Vodafone,2517.74
1363,Doctor,Biolife Grup,3144.42
1364,Design Engineer,Danone,5550.03
1365,Insurance Broker,Comodo,7646.95
1366,Global Logistics Supervisor,Metro Cash&Carry,7782.10
1367,Paramedic,It Smart Group,4930.33
1368,Staffing Consultant,CarMax,2878.91
1369,Assistant Buyer,Amazon.com,8968.84
1370,Pharmacist,Facebook,6434.85
1371,Designer,Danone,7093.86
1372,Laboratory Technician,Amazon.com,7763.28
1373,Staffing Consultant,Comodo,2089.58
1374,Staffing Consultant,ExxonMobil,6895.20
1375,Electrician,CarMax,5104.15
1376,HR Coordinator,Telekom,8202.04
1377,Executive Director,AECOM,5862.51
1378,Healthcare Specialist,Metro Cash&Carry,4287.19
1379,Retail Trainee,AECOM,8954.10
1380,Clerk,Demaco,2978.16
1381,Service Supervisor,Amazon.com,3810.39
1382,Health Educator,Facebook,2461.09
1383,Assistant Buyer,Team Guard SRL,9023.62
1384,Mobile Developer,Facebook,2909.42
1385,Dentist,Areon Impex,4399.61
1386,Ambulatory Nurse,Metro Cash&Carry,9146.15
1387,Service Supervisor,Amazon.com,1601.65
1388,Electrician,Comodo,6815.47
1389,Operator,Leadertech Consulting,3258.60
1390,Investment  Advisor,Apple Inc.,4261.55
1391,Chef Manager,ExxonMobil,4291.44
1392,Systems Administrator,DynCorp,5884.01
1393,Business Broker,Mars,2575.22
1394,CNC Operator,DynCorp,7950.01
1395,Bookkeeper,ENEL,5713.36
1396,Project Manager,UPC,1465.10
1397,Executive Director,Coca-Cola Company,1668.31
1398,Steward,Amazon.com,1794.74
1399,Ambulatory Nurse,Amazon.com,8775.05
1400,Food Technologist,Comodo,4366.34
1401,HR Coordinator,Areon Impex,9559.51
1402,Stockbroker,Biolife Grup,7325.11
1403,Budget Analyst,ENEL,2597.77
1404,Food Technologist,Global Print,1783.39
1405,Executive Director,Telekom,5151.74
1406,Staffing Consultant,Metro Cash&Carry,1883.03
1407,HR Specialist,Mars,3846.17
1408,Insurance Broker,Mars,10012.42
1409,Steward,Biolife Grup,4959.15
1410,Inspector,Vodafone,5607.04
1411,HR Coordinator,AECOM,9083.93
1412,Restaurant Manager,Carrefour,5364.32
1413,Mobile Developer,Danone,4987.56
1414,Accountant,Boeing,9779.80
1415,Auditor,BuzzFeed,8123.54
1416,IT Support Staff,Amazon.com,4634.61
1417,Project Manager,Carrefour,2693.57
1418,Fabricator,Danone,2789.21
1419,Production Painter,Leadertech Consulting,3311.64
1420,Staffing Consultant,Amazon.com,9964.56
1421,Audiologist,Mars,1470.34
1422,Designer,Biolife Grup,6449.17
1423,Systems Administrator,UPC,3494.22
1424,Electrician,Coca-Cola Company,2301.52
1425,HR Coordinator,DynCorp,9209.99
1426,Webmaster,Erickson,3113.36
1427,Loan Officer,DynCorp,1359.08
1428,Retail Trainee,Metro Cash&Carry,9351.97
1429,Design Engineer,Erickson,8476.42
1430,Clerk,Vodafone,10331.47
1431,HR Coordinator,Comcast,1855.89
1432,HR Coordinator,AECOM,2878.48
1433,Bellman,Apple Inc.,8902.63
1434,Banker,Metro Cash&Carry,3431.23
1435,Ambulatory Nurse,Danone,6072.14
1436,Mobile Developer,Apple Inc.,8019.92
1437,Cook,Amazon.com,9698.88
1438,Production Painter,Leadertech Consulting,4035.91
1439,Design Engineer,Areon Impex,6892.43
1440,Health Educator,Erickson,9056.73
1441,Design Engineer,Coca-Cola Company,8074.38
1442,Treasurer,Areon Impex,6214.09
1443,Dentist,Comcast,3890.04
1444,Pharmacist,ENEL,2111.16
1445,IT Support Staff,Leadertech Consulting,10231.97
1446,Biologist,Demaco,9723.71
1447,Chef Manager,UPC,7333.32
1448,Food Technologist,DynCorp,9578.55
1449,Ambulatory Nurse,Team Guard SRL,2343.80
1450,CNC Operator,Amazon.com,10334.98
1451,Stockbroker,Boeing,5756.30
1452,Cook,21st Century Fox,5529.24
1453,Treasurer,It Smart Group,9318.44
1454,Front Desk Coordinator,Vodafone,2415.42
1455,Cashier,Erickson,9537.14
1456,Production Painter,Leadertech Consulting,3496.17
1457,Operator,Amazon.com,9061.93
1458,Call Center Representative,Danone,3267.47
1459,Clerk,It Smart Group,2356.13
1460,Healthcare Specialist,Metro Cash&Carry,5401.96
1461,Associate Professor,Boeing,2579.12
1462,Ambulatory Nurse,Leadertech Consulting,4219.25
1463,Bookkeeper,DynCorp,5723.08
1464,Systems Administrator,Comcast,5127.58
1465,Software Engineer,Telekom,4881.67
1466,Cashier,DynCorp,2141.57
1467,Executive Director,Global Print,3982.22
1468,Steward,Boeing,1263.85
1469,Design Engineer,Telekom,3748.46
1470,Chef Manager,BuzzFeed,6982.51
1471,Call Center Representative,Carrefour,2077.15
1472,Project Manager,ENEL,2044.15
1473,Budget Analyst,UPC,5565.88
1474,Machine Operator,It Smart Group,2305.13
1475,Cash Manager,ENEL,8895.08
1476,Accountant,21st Century Fox,4839.76
1477,CNC Operator,It Smart Group,5104.51
1478,Auditor,Coca-Cola Company,7774.04
1479,Restaurant Manager,Mars,6732.21
1480,Executive Director,Comodo,2333.60
1481,Fabricator,Mars,8170.61
1482,CNC Operator,Global Print,7727.22
1483,Cook,CarMax,10484.60
1484,Systems Administrator,Global Print,3542.25
1485,Cashier,Danone,1119.62
1486,Banker,Team Guard SRL,2535.85
1487,Chef Manager,Erickson,2285.13
1488,Loan Officer,ENEL,1751.16
1489,Service Supervisor,Facebook,4234.58
1490,Call Center Representative,Metro Cash&Carry,5532.28
1491,Loan Officer,Amazon.com,5925.91
1492,Health Educator,Amazon.com,8069.89
1493,Webmaster,Global Print,1941.69
1494,Audiologist,Team Guard SRL,4924.99
1495,HR Coordinator,Erickson,3800.85
1496,Restaurant Manager,ExxonMobil,8417.45
1497,Operator,It Smart Group,9622.45
1498,Machine Operator,Biolife Grup,8882.84
1499,Operator,Carrefour,7860.42
1500,Healthcare Specialist,Mars,9820.69
1501,Chef Manager,Biolife Grup,9032.84
1502,Insurance Broker,Biolife Grup,10111.45
1503,Assistant Buyer,ENEL,3465.35
1504,Clerk,Erickson,5808.15
1505,Audiologist,Facebook,8383.50
1506,Physician,Coca-Cola Company,3611.68
1507,Audiologist,21st Century Fox,6810.72
1508,Bookkeeper,Danone,3317.97
1509,Call Center Representative,Boeing,3249.31
1510,Banker,Coca-Cola Company,8854.88
1511,Electrician,Vodafone,1267.47
1512,Healthcare Specialist,21st Century Fox,6036.35
1513,Loan Officer,Global Print,8099.50
1514,Investment  Advisor,ENEL,7384.16
1515,Banker,Comcast,6709.15
1516,Auditor,Team Guard SRL,4176.47
1517,Physician,Biolife Grup,5730.34
1518,HR Specialist,Leadertech Consulting,2260.62
1519,Systems Administrator,Carrefour,3881.45
1520,Mobile Developer,CarMax,5056.92
1521,HR Coordinator,Facebook,5343.03
1522,Biologist,CarMax,5884.97
1523,Executive Director,Global Print,9700.34
1524,Paramedic,Amazon.com,7659.35
1525,Machine Operator,Leadertech Consulting,9147.78
1526,Auditor,AECOM,8430.81
1527,Call Center Representative,Areon Impex,4966.96
1528,HR Specialist,Danone,2733.52
1529,Physician,Facebook,5543.46
1530,Fabricator,Zepter,5675.96
1531,Call Center Representative,DynCorp,1651.09
1532,Doctor,21st Century Fox,7745.10
1533,Global Logistics Supervisor,Leadertech Consulting,9557.69
1534,Retail Trainee,AECOM,4853.12
1535,Paramedic,DynCorp,1894.21
1536,Bellman,UPC,9061.52
1537,Insurance Broker,ENEL,7114.40
1538,IT Support Staff,Leadertech Consulting,7213.24
1539,Lecturer,Vodafone,10330.85
1540,Audiologist,Leadertech Consulting,6350.94
1541,Operator,Facebook,4783.11
1542,Chef Manager,CarMax,1243.08
1543,Clerk,Biolife Grup,7212.06
1544,Staffing Consultant,ENEL,5423.80
1545,Cash Manager,Global Print,7202.59
1546,Operator,21st Century Fox,6263.09
1547,Accountant,Erickson,5631.23
1548,Software Engineer,Areon Impex,6413.31
1549,Paramedic,21st Century Fox,6168.63
1550,Ambulatory Nurse,Metro Cash&Carry,6273.75
1551,Front Desk Coordinator,Comodo,8584.81
1552,Staffing Consultant,It Smart Group,8464.13
1553,Health Educator,Facebook,6332.78
1554,Inspector,Zepter,7612.30
1555,Lecturer,Carrefour,8640.95
1556,Global Logistics Supervisor,Apple Inc.,2144.02
1557,Cash Manager,ExxonMobil,8894.95
1558,Stockbroker,Carrefour,4701.73
1559,Budget Analyst,Global Print,6061.05
1560,Audiologist,Comodo,9843.54
1561,Designer,Carrefour,6061.10
1562,Designer,Demaco,6729.17
1563,Banker,Areon Impex,6398.59
1564,Physician,DynCorp,4714.25
1565,Project Manager,AECOM,1364.66
1566,Retail Trainee,Areon Impex,1661.03
1567,Inspector,Coca-Cola Company,5780.44
1568,Software Engineer,21st Century Fox,3322.65
1569,Cook,Biolife Grup,9322.21
1570,Investment  Advisor,Amazon.com,5011.70
1571,Production Painter,BuzzFeed,10483.26
1572,Staffing Consultant,Amazon.com,9800.17
1573,Project Manager,UPC,6284.41
1574,Health Educator,Zepter,6555.12
1575,Project Manager,Leadertech Consulting,1967.68
1576,Restaurant Manager,Areon Impex,9714.70
1577,Cashier,Coca-Cola Company,10129.59
1578,Lecturer,Danone,4117.63
1579,Treasurer,Metro Cash&Carry,8255.21
1580,Executive Director,Demaco,2152.04
1581,Operator,ENEL,10069.11
1582,Service Supervisor,DynCorp,9834.95
1583,Webmaster,DynCorp,7198.17
1584,Associate Professor,21st Century Fox,8207.69
1585,Web Developer,Facebook,3278.53
1586,Accountant,Erickson,1540.71
1587,Service Supervisor,Mars,10377.65
1588,Cook,BuzzFeed,6204.94
1589,Cook,21st Century Fox,3170.21
1590,Operator,Comodo,9274.37
1591,Dentist,ENEL,8309.95
1592,Banker,Carrefour,4604.05
1593,Machine Operator,Leadertech Consulting,5885.46
1594,Project Manager,ExxonMobil,7742.79
1595,Global Logistics Supervisor,Carrefour,4471.86
1596,Designer,Metro Cash&Carry,1730.97
1597,HR Coordinator,Danone,9722.03
1598,Project Manager,Amazon.com,6994.33
1599,Accountant,It Smart Group,1784.55
1600,Ambulatory Nurse,Carrefour,7124.48
1601,Assistant Buyer,21st Century Fox,1873.01
1602,Chef Manager,UPC,2441.82
1603,IT Support Staff,UPC,2123.48
1604,Retail Trainee,Facebook,10128.01
1605,Staffing Consultant,BuzzFeed,8854.03
1606,Project Manager,Erickson,2279.10
1607,Associate Professor,Team Guard SRL,4007.98
1608,Associate Professor,Erickson,7610.11
1609,Production Painter,Telekom,6789.10
1610,Health Educator,Telekom,5527.75
1611,Cashier,ENEL,6319.94
1612,Audiologist,Metro Cash&Carry,7108.37
1613,Fabricator,Demaco,7470.56
1614,Dentist,Demaco,2590.57
1615,Restaurant Manager,Boeing,8866.11
1616,Cook,Amazon.com,5788.77
1617,Front Desk Coordinator,UPC,8780.60
1618,Lecturer,Leadertech Consulting,4543.02
1619,Laboratory Technician,AECOM,6528.49
1620,Ambulatory Nurse,Facebook,7434.60
1621,Stockbroker,It Smart Group,4769.56
1622,Insurance Broker,Biolife Grup,5916.46
1623,Steward,ENEL,3491.58
1624,Cook,Areon Impex,9059.80
1625,Electrician,Team Guard SRL,5282.63
1626,Stockbroker,Comodo,8685.78
1627,Clerk,Leadertech Consulting,1427.49
1628,Business Broker,ExxonMobil,9523.48
1629,Associate Professor,Coca-Cola Company,10000.13
1630,Design Engineer,Mars,2468.85
1631,Project Manager,Mars,2495.33
1632,CNC Operator,Boeing,1692.28
1633,Machine Operator,BuzzFeed,3925.94
1634,Project Manager,Boeing,6246.01
1635,Ambulatory Nurse,DynCorp,1191.73
1636,Fabricator,Metro Cash&Carry,7522.19
1637,Inspector,Coca-Cola Company,6424.58
1638,Stockbroker,AECOM,1713.54
1639,Design Engineer,Metro Cash&Carry,9520.68
1640,Assistant Buyer,DynCorp,9949.51
1641,Healthcare Specialist,Erickson,6689.80
1642,Stockbroker,Boeing,7141.70
1643,Food Technologist,Leadertech Consulting,3986.33
1644,HR Specialist,Coca-Cola Company,5272.35
1645,Mobile Developer,Team Guard SRL,4169.42
1646,Investment  Advisor,21st Century Fox,8357.66
1647,Front Desk Coordinator,Areon Impex,6117.15
1648,Restaurant Manager,DynCorp,2852.45
1649,Cashier,Mars,5012.54
1650,Production Painter,Boeing,4300.32
1651,Cashier,Demaco,1358.52
1652,Designer,Comodo,6056.89
1653,Pharmacist,Apple Inc.,5766.39
1654,Health Educator,Facebook,3628.50
1655,Software Engineer,21st Century Fox,9000.30
1656,Executive Director,UPC,9261.81
1657,Business Broker,CarMax,6693.59
1658,Physician,Boeing,5835.21
1659,Paramedic,Coca-Cola Company,9082.22
1660,Machine Operator,Demaco,6752.83
1661,Dentist,UPC,8659.66
1662,Audiologist,ExxonMobil,8223.05
1663,Associate Professor,Mars,3962.76
1664,Budget Analyst,Telekom,8952.44
1665,Insurance Broker,Amazon.com,6036.58
1666,IT Support Staff,Comodo,1620.55
1667,Fabricator,Biolife Grup,4594.56
1668,Physician,Leadertech Consulting,9613.05
1669,Health Educator,ExxonMobil,8778.89
1670,Stockbroker,Metro Cash&Carry,1410.35
1671,Banker,Apple Inc.,8896.16
1672,Dentist,Areon Impex,6354.03
1673,Clerk,Carrefour,3958.19
1674,HR Specialist,It Smart Group,8354.01
1675,Loan Officer,Telekom,1417.07
1676,Doctor,Global Print,5757.33
1677,Assistant Buyer,BuzzFeed,10437.74
1678,Insurance Broker,Coca-Cola Company,1220.72
1679,Clerk,Demaco,3158.64
1680,HR Coordinator,CarMax,6713.58
1681,Lecturer,ExxonMobil,5459.16
1682,Front Desk Coordinator,BuzzFeed,9705.63
1683,Insurance Broker,BuzzFeed,3243.79
1684,Front Desk Coordinator,DynCorp,1667.45
1685,Project Manager,Danone,3597.08
1686,Retail Trainee,DynCorp,1269.57
1687,Baker,Mars,6901.80
1688,Webmaster,BuzzFeed,1400.34
1689,Dentist,ENEL,3691.76
1690,Laboratory Technician,It Smart Group,5215.80
1691,Investment  Advisor,21st Century Fox,9108.53
1692,Doctor,Telekom,9659.51
1693,Laboratory Technician,Team Guard SRL,5952.63
1694,Auditor,Comcast,8463.58
1695,Doctor,Carrefour,5123.74
1696,Steward,Metro Cash&Carry,8220.73
1697,Mobile Developer,It Smart Group,4390.08
1698,Pharmacist,Areon Impex,4035.60
1699,Accountant,Coca-Cola Company,9042.36
1700,Healthcare Specialist,ExxonMobil,9658.46
1701,Doctor,UPC,6848.99
1702,Associate Professor,Danone,10069.29
1703,Service Supervisor,Comodo,7361.70
1704,Health Educator,Apple Inc.,4683.51
1705,Webmaster,Erickson,4659.88
1706,Clerk,Boeing,6501.81
1707,Lecturer,Team Guard SRL,6997.06
1708,Bellman,AECOM,8500.32
1709,Biologist,Vodafone,3407.48
1710,Chef Manager,AECOM,6697.59
1711,Service Supervisor,UPC,1426.39
1712,Associate Professor,Amazon.com,3462.94
1713,Staffing Consultant,Apple Inc.,1657.89
1714,Auditor,Apple Inc.,6783.65
1715,Electrician,Coca-Cola Company,8553.62
1716,Dentist,Areon Impex,8440.07
1717,Machine Operator,Comodo,5781.16
1718,Service Supervisor,Areon Impex,10467.91
1719,Assistant Buyer,AECOM,4724.54
1720,Physician,Apple Inc.,9580.34
1721,Associate Professor,Danone,7873.96
1722,Biologist,BuzzFeed,10310.03
1723,Mobile Developer,Leadertech Consulting,5417.64
1724,HR Coordinator,AECOM,7280.08
1725,Chef Manager,Erickson,4406.74
1726,Insurance Broker,Comcast,10405.50
1727,Chef Manager,Apple Inc.,4593.53
1728,Systems Administrator,It Smart Group,4042.78
1729,Executive Director,Leadertech Consulting,5692.35
1730,CNC Operator,It Smart Group,2967.75
1731,HR Specialist,Areon Impex,6659.40
1732,Accountant,Danone,4791.05
1733,Audiologist,Areon Impex,3290.12
1734,Production Painter,It Smart Group,10024.26
1735,Biologist,Global Print,6836.25
1736,Design Engineer,Team Guard SRL,9469.23
1737,Systems Administrator,ExxonMobil,1969.40
1738,Designer,Facebook,9712.22
1739,Budget Analyst,Apple Inc.,8495.16
1740,Food Technologist,Facebook,4781.03
1741,Cash Manager,Amazon.com,6389.57
1742,Bellman,Zepter,7015.74
1743,Healthcare Specialist,Boeing,1617.37
1744,Auditor,Boeing,6460.12
1745,Assistant Buyer,DynCorp,7010.22
1746,Assistant Buyer,Vodafone,4603.53
1747,Global Logistics Supervisor,Facebook,8394.82
1748,Food Technologist,Areon Impex,6616.24
1749,Healthcare Specialist,Erickson,4113.78
1750,Production Painter,BuzzFeed,6032.16
1751,Project Manager,DynCorp,6226.11
1752,Cashier,Coca-Cola Company,4546.98
1753,Doctor,Carrefour,4460.36
1754,Audiologist,Facebook,8656.92
1755,Health Educator,DynCorp,9455.24
1756,HR Coordinator,Telekom,8341.70
1757,Production Painter,ExxonMobil,1588.59
1758,Dentist,Areon Impex,3421.19
1759,Call Center Representative,Demaco,5004.16
1760,Business Broker,Comodo,6021.38
1761,Executive Director,Leadertech Consulting,8097.63
1762,Production Painter,It Smart Group,6327.47
1763,Ambulatory Nurse,Amazon.com,10161.72
1764,Biologist,Biolife Grup,5944.27
1765,Business Broker,Amazon.com,4170.26
1766,Health Educator,Global Print,1356.97
1767,Paramedic,Zepter,8309.03
1768,Cook,Facebook,9219.88
1769,Audiologist,Team Guard SRL,7562.15
1770,HR Specialist,It Smart Group,6346.06
1771,Accountant,Telekom,7411.11
1772,Associate Professor,Biolife Grup,6360.13
1773,Accountant,Erickson,3259.79
1774,Systems Administrator,Danone,1895.67
1775,Clerk,Boeing,9732.84
1776,Business Broker,Coca-Cola Company,8383.53
1777,Project Manager,AECOM,6067.94
1778,Physician,AECOM,2114.55
1779,Paramedic,Coca-Cola Company,6756.74
1780,Web Developer,ExxonMobil,4473.32
1781,Clerk,ENEL,7965.29
1782,Auditor,Comodo,8297.35
1783,Cook,Danone,3792.09
1784,Accountant,ENEL,1346.55
1785,Laboratory Technician,Biolife Grup,6589.70
1786,Electrician,Carrefour,7012.21
1787,Global Logistics Supervisor,Apple Inc.,8428.20
1788,Baker,BuzzFeed,9300.22
1789,Mobile Developer,Apple Inc.,4804.37
1790,Global Logistics Supervisor,BuzzFeed,5440.28
1791,Designer,CarMax,8953.19
1792,Health Educator,ExxonMobil,2054.85
1793,IT Support Staff,UPC,2159.60
1794,Steward,Facebook,3383.95
1795,Associate Professor,CarMax,9916.12
1796,Paramedic,Comcast,5376.66
1797,HR Coordinator,Mars,8207.93
1798,Dentist,Global Print,7443.67
1799,Front Desk Coordinator,Metro Cash&Carry,7733.84
1800,HR Coordinator,Vodafone,5081.65
1801,Webmaster,Erickson,7918.26
1802,Cash Manager,ExxonMobil,6117.30
1803,Ambulatory Nurse,It Smart Group,4791.80
1804,Global Logistics Supervisor,Demaco,9392.72
1805,Design Engineer,Areon Impex,5326.65
1806,Service Supervisor,Coca-Cola Company,6347.79
1807,Treasurer,Mars,2859.38
1808,Operator,Apple Inc.,7956.81
1809,Design Engineer,Metro Cash&Carry,8682.15
1810,Fabricator,It Smart Group,9310.35
1811,Audiologist,Comcast,8316.69
1812,Staffing Consultant,Amazon.com,1844.47
1813,Executive Director,Apple Inc.,9457.43
1814,Clerk,Leadertech Consulting,6958.95
1815,Cook,Amazon.com,5755.11
1816,Health Educator,Facebook,9933.66
1817,Design Engineer,Comodo,4586.94
1818,Audiologist,Mars,6353.47
1819,Lecturer,Coca-Cola Company,3761.09
1820,Design Engineer,Carrefour,9161.72
1821,Cash Manager,UPC,1285.96
1822,Loan Officer,It Smart Group,3460.71
1823,Physician,Global Print,3173.64
1824,Project Manager,UPC,7398.51
1825,Assistant Buyer,Metro Cash&Carry,7003.12
1826,Food Technologist,Telekom,7906.14
1827,HR Coordinator,Global Print,5151.29
1828,Physician,Global Print,9395.67
1829,Retail Trainee,Vodafone,6953.38
1830,Machine Operator,Coca-Cola Company,5790.09
1831,Design Engineer,BuzzFeed,7337.22
1832,Business Broker,AECOM,10460.92
1833,Staffing Consultant,Demaco,7421.71
1834,Inspector,BuzzFeed,1917.57
1835,Design Engineer,Danone,7353.49
1836,Paramedic,ExxonMobil,5113.59
1837,Production Painter,Coca-Cola Company,5246.42
1838,Steward,Areon Impex,5718.21
1839,Accountant,Global Print,3214.33
1840,Health Educator,Biolife Grup,6982.90
1841,Baker,Areon Impex,7806.79
1842,Clerk,Amazon.com,8681.12
1843,Biologist,Global Print,3499.06
1844,Cook,Biolife Grup,4016.92
1845,Cash Manager,Comodo,3056.66
1846,Steward,Amazon.com,10283.01
1847,Front Desk Coordinator,Apple Inc.,5116.73
1848,Mobile Developer,Facebook,10006.72
1849,Doctor,Global Print,6357.16
1850,Food Technologist,Boeing,7327.79
1851,HR Coordinator,DynCorp,2496.84
1852,HR Coordinator,CarMax,6595.02
1853,Front Desk Coordinator,Amazon.com,3587.20
1854,Inspector,Leadertech Consulting,10458.39
1855,Loan Officer,Apple Inc.,5323.15
1856,Retail Trainee,21st Century Fox,5232.68
1857,Budget Analyst,Coca-Cola Company,8284.96
1858,Physician,Erickson,1722.64
1859,Healthcare Specialist,Erickson,9101.94
1860,Pharmacist,Carrefour,1437.78
1861,Accountant,Comodo,8610.28
1862,Physician,CarMax,2876.23
1863,HR Coordinator,Biolife Grup,8697.54
1864,Assistant Buyer,ENEL,6072.46
1865,Laboratory Technician,Demaco,8701.12
1866,HR Specialist,Danone,7650.30
1867,Cash Manager,CarMax,9491.11
1868,Lecturer,Amazon.com,3980.89
1869,Clerk,Danone,1901.41
1870,Food Technologist,Areon Impex,7662.36
1871,Systems Administrator,Boeing,4219.66
1872,Bookkeeper,Apple Inc.,2800.74
1873,Operator,Zepter,4341.26
1874,Inspector,Coca-Cola Company,7307.63
1875,Insurance Broker,AECOM,3716.58
1876,Paramedic,Demaco,3931.59
1877,Global Logistics Supervisor,21st Century Fox,5038.62
1878,Project Manager,Leadertech Consulting,5762.43
1879,Associate Professor,Coca-Cola Company,3535.68
1880,IT Support Staff,Amazon.com,9903.11
1881,Investment  Advisor,Comodo,4714.25
1882,Electrician,Apple Inc.,9221.91
1883,Staffing Consultant,Erickson,9550.71
1884,Baker,DynCorp,8280.50
1885,Healthcare Specialist,Demaco,5084.36
1886,Global Logistics Supervisor,It Smart Group,2971.35
1887,Cash Manager,Danone,3413.70
1888,Front Desk Coordinator,Vodafone,7808.83
1889,Health Educator,Coca-Cola Company,6172.49
1890,Front Desk Coordinator,Biolife Grup,3447.87
1891,Accountant,Amazon.com,3897.15
1892,Stockbroker,Danone,6782.47
1893,Webmaster,CarMax,1861.03
1894,Budget Analyst,Team Guard SRL,10267.06
1895,Executive Director,Carrefour,2397.43
1896,Call Center Representative,AECOM,7783.78
1897,Staffing Consultant,UPC,7613.84
1898,Accountant,Metro Cash&Carry,9258.02
1899,Machine Operator,Danone,5164.45
1900,Food Technologist,Comcast,3330.69
1901,Call Center Representative,Zepter,7853.27
1902,Designer,It Smart Group,7061.42
1903,Inspector,Boeing,4910.21
1904,Retail Trainee,Biolife Grup,4515.61
1905,Restaurant Manager,DynCorp,7203.13
1906,Healthcare Specialist,Global Print,1665.65
1907,Inspector,Apple Inc.,9872.12
1908,Global Logistics Supervisor,CarMax,7570.45
1909,Ambulatory Nurse,AECOM,7632.92
1910,Associate Professor,Leadertech Consulting,6925.86
1911,Dentist,Mars,10422.93
1912,Web Developer,Telekom,4967.36
1913,Staffing Consultant,Global Print,7131.34
1914,Associate Professor,Areon Impex,5058.58
1915,Steward,Mars,9672.23
1916,Bellman,BuzzFeed,5190.27
1917,Ambulatory Nurse,Coca-Cola Company,7782.51
1918,Executive Director,Danone,1733.53
1919,Banker,Demaco,4857.28
1920,Design Engineer,Boeing,10319.55
1921,HR Specialist,ENEL,9024.11
1922,Software Engineer,ENEL,5715.97
1923,Loan Officer,Biolife Grup,2643.33
1924,Cashier,Demaco,10248.64
1925,IT Support Staff,Demaco,9677.49
1926,Restaurant Manager,Zepter,3274.42
1927,Global Logistics Supervisor,Facebook,8250.84
1928,Electrician,Carrefour,7818.10
1929,Retail Trainee,Amazon.com,8534.19
1930,Bookkeeper,ExxonMobil,8802.90
1931,Project Manager,ExxonMobil,9533.53
1932,Systems Administrator,Mars,9984.97
1933,Banker,Areon Impex,7557.43
1934,Baker,DynCorp,8922.77
1935,Bellman,Carrefour,4943.89
1936,Production Painter,DynCorp,9525.21
1937,Webmaster,Areon Impex,5024.52
1938,Ambulatory Nurse,Team Guard SRL,9159.65
1939,Executive Director,BuzzFeed,7721.26
1940,Web Developer,Metro Cash&Carry,7357.80
1941,Machine Operator,DynCorp,9587.99
1942,Call Center Representative,Apple Inc.,3750.37
1943,Fabricator,ExxonMobil,2006.37
1944,HR Coordinator,Vodafone,1971.15
1945,Clerk,Comcast,6433.38
1946,Associate Professor,Leadertech Consulting,8411.08
1947,Cash Manager,CarMax,6411.67
1948,Budget Analyst,Telekom,4303.35
1949,Cash Manager,Facebook,1746.71
1950,Stockbroker,21st Century Fox,9275.22
1951,Lecturer,Global Print,8135.30
1952,Stockbroker,CarMax,5218.60
1953,Machine Operator,Danone,9280.62
1954,Project Manager,Metro Cash&Carry,3501.95
1955,Global Logistics Supervisor,Biolife Grup,10472.07
1956,Electrician,Zepter,7972.80
1957,Health Educator,DynCorp,7572.82
1958,Staffing Consultant,Global Print,9470.70
1959,Designer,CarMax,2047.49
1960,Associate Professor,Areon Impex,2136.85
1961,Ambulatory Nurse,Boeing,6131.69
1962,HR Specialist,Global Print,9811.03
1963,Global Logistics Supervisor,Erickson,2010.82
1964,Designer,Team Guard SRL,5824.86
1965,Staffing Consultant,Erickson,5734.13
1966,Fabricator,Areon Impex,4163.83
1967,Chef Manager,Zepter,7167.95
1968,Banker,Coca-Cola Company,10429.63
1969,Insurance Broker,Biolife Grup,3282.14
1970,Bellman,Zepter,5835.49
1971,Bookkeeper,Areon Impex,5763.40
1972,IT Support Staff,Zepter,5865.66
1973,Laboratory Technician,Biolife Grup,2579.76
1974,Stockbroker,Areon Impex,9664.07
1975,HR Specialist,Danone,10380.37
1976,Design Engineer,CarMax,1356.74
1977,Executive Director,Apple Inc.,3183.95
1978,Pharmacist,UPC,2444.98
1979,Operator,Zepter,2784.65
1980,Mobile Developer,BuzzFeed,2256.92
1981,Project Manager,AECOM,4238.78
1982,Investment  Advisor,Team Guard SRL,7432.85
1983,Cook,Vodafone,1422.04
1984,Design Engineer,It Smart Group,5808.75
1985,Retail Trainee,DynCorp,1703.23
1986,Insurance Broker,ENEL,2916.98
1987,Biologist,Erickson,1433.64
1988,Cashier,Comcast,2932.89
1989,Designer,Areon Impex,9058.01
1990,Retail Trainee,ExxonMobil,6472.02
1991,Staffing Consultant,Facebook,7942.02
1992,Chef Manager,ExxonMobil,8825.34
1993,CNC Operator,CarMax,9051.48
1994,Call Center Representative,Apple Inc.,5539.84
1995,Mobile Developer,Zepter,5479.22
1996,Cook,Apple Inc.,5601.34
1997,Design Engineer,Boeing,1989.50
1998,Restaurant Manager,Global Print,10210.64
1999,Systems Administrator,Demaco,6155.03
2000,Chef Manager,Mars,2779.81

